{
  "Parameters" : {
    "Environment": "Prod",
    "ConfigFile": "config",
    "VpcId": "vpc-7128ae19",
    "AmiId": "ami-f63b1193",
    "InstanceType": "t2.medium",
    "Subnets": "subnet-eb129683,subnet-d98e71a3",
    "CertificateArn": "arn:aws:iam::478226638351:server-certificate/scout.cat.com-20mar07-1d93",
    "AlbType": "internal",
    "DefaultSecurityGroup": "sg-2ffb8a44",
    "MgmtSecurityGroup":"sg-d5fb52bf",
    "UISecurityGroup":"sg-81e74eeb",
    "EfsSecurityGroup":"sg-f0e74e9a",
    "AlbSecurityGroup":"sg-b55fa0df",
    "KeyPair": "UE2_Scout2Prod",
    "BucketName": "ue2-scout2-prod-history",
    "MountTargetIps": "10.221.117.198",
    "MountTargetIp2": "10.221.117.230"
  }
}
