{
  "Parameters" : {
    "Environment": "QA",
    "ConfigFile": "config",
    "VpcId": "vpc-7128ae19",
    "AmiId": "ami-f63b1193",
    "InstanceType": "t2.medium",
    "Subnets": "subnet-eb129683,subnet-d98e71a3",
    "CertificateArn": "arn:aws:iam::478226638351:server-certificate/qa-scout.cat.com-20mar07-1d92",
    "AlbType": "internal",
    "DefaultSecurityGroup": "sg-2ffb8a44",
    "MgmtSecurityGroup":"sg-ebab1681",
    "UISecurityGroup":"sg-66b30e0c",
    "EfsSecurityGroup":"sg-6ca51806",
    "AlbSecurityGroup":"sg-f2af1298",
    "KeyPair": "UE2_Scout2QA",
    "BucketName": "ue2-scout2-qa-history",
    "MountTargetIps": "10.221.117.197",
    "MountTargetIp2": "10.221.117.229"
  }
}
