{
    "rules": {
        "s3-bucket-no-logging.json": [{
            "enabled": true,
            "level": "warning"
        }],
        "s3-bucket-no-mfa-delete.json": [{
            "enabled": true,
            "level": "warning"
        }],
        "s3-bucket-no-versioning.json": [{
            "enabled": true,
            "level": "warning"
        }],
        "s3-bucket-website-enabled.json": [{
            "enabled": false,
            "level": "warning"
        }],
        "s3-bucket-world-acl.json": [{
                "args": [
                    "AllUsers",
                    "read",
                    "Bucket world-listable (anonymous)",
                    "danger"
                ],
                "enabled": true,
                "level": "warning"
            },
            {
                "args": [
                    "AllUsers",
                    "read_acp",
                    "Bucket's permissions world-readable (anonymous)",
                    "danger"
                ],
                "enabled": true,
                "level": "warning"
            },
            {
                "args": [
                    "AllUsers",
                    "write",
                    "Bucket world-writable (anonymous)",
                    "danger"
                ],
                "enabled": true,
                "level": "danger"
            },
            {
                "args": [
                    "AllUsers",
                    "write_acp",
                    "Bucket's permissions world-writable (anonymous)",
                    "danger"
                ],
                "enabled": true,
                "level": "danger"
            },
            {
                "args": [
                    "AuthenticatedUsers",
                    "read",
                    "Bucket world-listable",
                    "danger"
                ],
                "enabled": true,
                "level": "danger"
            },
            {
                "args": [
                    "AuthenticatedUsers",
                    "read_acp",
                    "Bucket's permissions world-readable",
                    "warning"
                ],
                "enabled": true,
                "level": "warning"
            },
            {
                "args": [
                    "AuthenticatedUsers",
                    "write",
                    "Bucket world-writable",
                    "danger"
                ],
                "enabled": true,
                "level": "danger"
            },
            {
                "args": [
                    "AuthenticatedUsers",
                    "write_acp",
                    "Bucket's permissions world-writable",
                    "danger"
                ],
                "enabled": true,
                "level": "danger"
            }
        ],
        "s3-bucket-world-policy-arg.json": [{
                "args": [
                    "Delete",
                    "s3:Delete*"
                ],
                "enabled": true,
                "level": "danger"
            },
            {
                "args": [
                    "Get",
                    "s3:GetObject*"
                ],
                "enabled": true,
                "level": "danger"
            },
            {
                "args": [
                    "List",
                    "s3:ListBucket*"
                ],
                "enabled": true,
                "level": "danger"
            },
            {
                "args": [
                    "Put",
                    "s3:PutObject*"
                ],
                "enabled": true,
                "level": "danger"
            },
            {
                "args": [
                    "Manage",
                    "s3:Put*"
                ],
                "enabled": true,
                "level": "danger"
            }
        ],
        "s3-bucket-world-policy-star.json": [{
            "enabled": true,
            "level": "danger"
        }]
    },
    "about": "This ruleset attempts to cover as many recommendations from CAT Security Team and  CIS  Amazon Web Services Foundation v1.0.0. As a result, no recommendations from CAT 3. \"Monitoring\" are assessed. Furthermore, this ruleset is a work in progress and coverage of sections 1, 2, and 4 is incomplete."
}
