{
    "description": "CloudTrail logs are encrypted at rest using KMS CMKs ",
    "rationale": "It is recommended that CloudTrail be configured to use SSE-KMS",
    "path": "cloudtrail.regions.id.trails.id",
    "dashboard_name": "Trails",
    "conditions": [ "and",
        [ "cloudtrail.regions.id.trails.id.", "withKey", "KmsKeyId" ],
        [ "cloudtrail.regions.id.trails.id.KmsKeyId", "4d6f12c6-6e00-4c81-b4de-182ec121e16c", "" ]
    ],
    "id_suffix": "KmsKeyId"
} 
 
