{
  "dashboard_name": "Buckets",
  "description": "Bucket without default encryption enabled",
  "rationale":"When dealing with sensitive data it is highly recommended to implement encryption in order to protect from attackers or unauthorized personnel. Encryption will enable S3 to encrypt data at the object level as it writes it to disks and decrypts it transparently for us when we access it.",
  "path": "s3.buckets.id",
  "conditions": [ "and",
    [ "s3.buckets.id.default_encryption", "equal", "Disabled" ]
  ],
  "id_suffix": "default_encryption"
}
